{
  "slug": "ltg-web-room",
  "background": {
    "width": 796,
    "height": 641,
    "url": "/static/locations/ltg-web-room/ltg-web-room-planned-wb.png"
  },
  "topLeft": [30.51073069082411, 50.43760961354354],
  "bottomRight": [30.510995773497886, 50.43747283799772]

}